﻿Designator,Footprint,Quantity,Value,LCSC Part #
"13V_2, 3V3, D7",0603,3,LED,C84266
"13V, 3V3_2, 5V, GND_2, GND, TP1",TestPoint_Keystone_5005-5009_Compact,6,TestPoint,C2906763
"5V_EXTERNAL, VOUT, VPANEL_IN",691137710002,3,691137710002,
"BOOT, RST",SW_Tactile_SPST_NO_Straight_CK_PTS636Sx25SMTRLFS,2,SW_Push,
"C10, C14, C18, C21, C22, C23",CP_Radial_D10.0mm_P5.00mm,6,150uF,C44606505
"C11, C12, C13, C15, C16, C17, C4",0805,7,100n,C49678
"C19, C20",0805,2,1u,C28323
"C3, C6",0805,2,470n,C106843
"C5, C7",0805,2,1uF,C28323
"C8, C9",0805,2,4.7uF,C98192
"D2, D3, D4, D5",D_SMA,4,SS310,C15874
ESP,ESP32-WROOM-32E,1,ESP32-WROOM-32E,C701342
"INFUSE, OUTFUSE",FUSE_01550900M,2,01550900M,C108518
"INPOWSENS, OUTPOWSENS",VSSOP-10_3x3mm_P0.5mm,2,INA228,C2887910
L2,L_Taiyo-Yuden_NR-60xx_HandSoldering,1,10uH,C2929431
L3,IND_SER2918H-333KL,1,SER2918H-333KL,
"P10, P11, P27, P28, RX, TX",PinHeader_1x01_P2.54mm_Vertical,6,Conn_01x01_Pin,C492400
"Q1, Q2",SOT-23_Handsoldering,2,BC817,C475629
"Q3, Q4",TO-220-3_Vertical,2,IPP030N10NF2SAKMA1,
"R10, R5, R6, R7, R8",0805,5,5.1k,C27834
"R11, R12, R14, R16, R23, R24, R3, R4",0805,8,10k,C2930231
"R13, R15, R21, R22",0805,4,10,C2907296
"R17, R18",0805,2,120,C114245
"R19, R20",0805,2,100k,C149504
R25,0805,1,1k,C17513
R26,0805,1,30,C17622
R27,0805,1,200,C114567
R9,0805,1,51k,C2933461
"RSENS1, RSENS2",2512,2,0.010,C393070
"SCL, SDA",TestPoint_Keystone_5000-5004_Miniature,2,TestPoint,C5199900
U2,SOT-23-5,1,AP3012,C102618
U3,SOIC-16_3.9x9.9mm_P1.27mm,1,CH340G,C14267
U4,SOT-223-3_TabPin2,1,AP2114H-3.3,C150716
U5,SOIC-8_3.9x4.9mm_P1.27mm,1,IR2104,C5804631
USB-C,USB_C_Receptacle_HCTL_HC-TYPE-C-16P-01A,1,USB_C_Receptacle_USB2.0_16P,C2894897
